id,username,email,created_at
1,briskkernel84,briskkernel84@example.com,2024-11-14 04:11:00
2,proudyard00,proudyard00@hackstack.io,2024-05-13 11:41:39
3,proudengine90,proudengine90@acme.dev,2024-05-27 02:27:49
4,tidylagoon73,tidylagoon73@relay.cloud,2025-12-01 12:33:24
5,silvermeadow51,silvermeadow51@opswise.net,2025-02-02 17:08:32
6,calmanchor84,calmanchor84@relay.cloud,2024-09-21 10:10:05
7,goldcanyon05,goldcanyon05@relay.cloud,2024-04-07 08:04:30
8,tidyriver77,tidyriver77@acme.dev,2024-07-09 05:25:33
9,ivoryfield07,ivoryfield07@hackstack.io,2024-11-01 02:53:53
10,warmvalley06,warmvalley06@acme.dev,2024-05-11 17:10:41
11,ivoryanchor73,ivoryanchor73@example.com,2025-08-17 03:05:47
12,cleartrail79,cleartrail79@relay.cloud,2025-10-27 10:21:10
13,jaderiver97,jaderiver97@relay.cloud,2025-03-07 04:18:05
14,briskisland00,briskisland00@seeded.app,2025-01-09 20:09:28
15,keencanyon20,keencanyon20@opswise.net,2024-03-06 13:42:50
16,amberharvest16,amberharvest16@hackstack.io,2026-01-15 13:34:06
17,vividsignal32,vividsignal32@hackstack.io,2024-06-30 16:40:04
18,ivoryyard01,ivoryyard01@opswise.net,2025-02-20 23:10:13
19,silverorbit23,silverorbit23@opswise.net,2025-08-08 05:33:09
20,proudvalley28,proudvalley28@acme.dev,2024-07-27 07:00:28
21,keenwindow70,keenwindow70@hackstack.io,2025-02-24 19:52:34
22,mellowzenith02,mellowzenith02@relay.cloud,2024-04-23 23:52:54
23,amberengine72,amberengine72@acme.dev,2025-07-08 23:14:18
24,rapidjourney32,rapidjourney32@acme.dev,2025-07-28 18:09:12
25,rapiddelta45,rapiddelta45@example.com,2025-11-23 11:31:37
26,brisknetwork81,brisknetwork81@acme.dev,2025-01-09 09:02:53
27,opaldelta27,opaldelta27@seeded.app,2024-10-08 17:21:38
28,keenpioneer79,keenpioneer79@hackstack.io,2024-07-08 00:32:04
29,urbansignal58,urbansignal58@acme.dev,2025-07-07 11:43:03
30,dawnlagoon27,dawnlagoon27@seeded.app,2026-01-29 07:17:01
31,urbananchor37,urbananchor37@acme.dev,2024-05-29 09:46:43
32,forestwindow66,forestwindow66@opswise.net,2024-07-15 13:19:19
33,harborgarden21,harborgarden21@example.com,2025-12-03 12:29:50
34,urbanbeacon29,urbanbeacon29@opswise.net,2024-04-07 14:04:31
35,forestriver64,forestriver64@hackstack.io,2025-09-10 01:58:18
36,cobaltsignal02,cobaltsignal02@acme.dev,2024-03-09 07:16:22
37,navyquartz03,navyquartz03@seeded.app,2024-03-13 22:55:44
38,quietwindow14,quietwindow14@example.com,2025-02-28 02:44:06
39,calmjourney70,calmjourney70@example.com,2025-06-08 03:03:39
40,tidymeadow49,tidymeadow49@acme.dev,2024-06-09 07:56:43
41,rapidsignal03,rapidsignal03@opswise.net,2024-10-16 02:40:40
42,jademeadow71,jademeadow71@acme.dev,2024-09-06 00:26:54
43,goldkernel74,goldkernel74@relay.cloud,2024-10-22 14:20:48
44,vividorbit57,vividorbit57@example.com,2025-09-30 11:17:18
45,harboryard03,harboryard03@hackstack.io,2025-04-23 15:45:29
46,forestjourney80,forestjourney80@hackstack.io,2025-07-30 12:44:16
47,dawnnetwork29,dawnnetwork29@example.com,2024-10-15 20:23:24
48,calmengine48,calmengine48@acme.dev,2025-01-26 03:50:46
49,urbanpioneer90,urbanpioneer90@example.com,2025-04-10 00:33:28
50,jadefield01,jadefield01@hackstack.io,2025-06-12 17:52:01
51,cobaltwindow82,cobaltwindow82@opswise.net,2025-03-02 17:07:00
52,calmmeadow50,calmmeadow50@acme.dev,2024-01-27 12:48:18
53,keentrail27,keentrail27@seeded.app,2024-06-15 00:13:05
54,navyuplink81,navyuplink81@opswise.net,2024-04-24 08:22:05
55,tidysignal76,tidysignal76@example.com,2024-06-23 02:04:05
56,youngyard91,youngyard91@acme.dev,2024-04-28 02:34:51
57,golduplink92,golduplink92@seeded.app,2024-08-23 12:56:37
58,dawnriver39,dawnriver39@acme.dev,2025-04-24 00:44:12
59,cobaltfield44,cobaltfield44@acme.dev,2025-10-19 20:27:03
60,livelykernel29,livelykernel29@seeded.app,2024-07-19 22:17:20
61,navymeadow45,navymeadow45@example.com,2025-01-15 20:26:05
62,rapidwindow53,rapidwindow53@opswise.net,2024-01-09 17:35:18
63,tidydelta05,tidydelta05@relay.cloud,2025-03-01 18:58:54
64,rapidquartz81,rapidquartz81@opswise.net,2024-06-05 21:08:41
65,livelyuplink05,livelyuplink05@relay.cloud,2025-08-11 04:17:29
66,amberuplink50,amberuplink50@hackstack.io,2025-08-14 21:11:34
67,warmriver71,warmriver71@acme.dev,2025-05-30 22:23:19
68,foresttrail01,foresttrail01@opswise.net,2025-04-23 03:57:58
69,opalvalley18,opalvalley18@example.com,2024-04-04 03:26:48
70,embersignal87,embersignal87@hackstack.io,2025-03-22 11:12:29
71,urbanvalley48,urbanvalley48@opswise.net,2024-04-04 12:35:59
72,warmuplink10,warmuplink10@example.com,2024-02-22 04:20:13
73,tidymeadow08,tidymeadow08@opswise.net,2024-01-16 05:00:40
74,urbanharvest41,urbanharvest41@opswise.net,2025-10-29 01:07:37
75,mellowmeadow45,mellowmeadow45@example.com,2024-05-30 18:02:49
76,mellowfield40,mellowfield40@relay.cloud,2024-07-01 09:32:15
77,briskanchor42,briskanchor42@relay.cloud,2025-08-10 03:03:25
78,quietfield69,quietfield69@opswise.net,2025-10-12 03:21:23
79,brisklagoon91,brisklagoon91@seeded.app,2025-05-14 22:22:21
80,navywindow17,navywindow17@seeded.app,2025-02-08 08:28:21
81,proudengine71,proudengine71@example.com,2024-04-24 07:59:12
82,cobaltengine47,cobaltengine47@opswise.net,2025-07-23 00:17:22
83,jadecanyon14,jadecanyon14@relay.cloud,2025-07-13 13:59:18
84,urbanmeadow93,urbanmeadow93@relay.cloud,2025-12-30 06:21:18
85,rapidquartz32,rapidquartz32@hackstack.io,2024-08-28 18:32:36
86,emberpioneer83,emberpioneer83@relay.cloud,2024-07-06 02:41:33
87,urbanlagoon81,urbanlagoon81@example.com,2025-08-07 18:11:17
88,harborquartz32,harborquartz32@seeded.app,2025-03-16 17:26:03
89,quietjourney63,quietjourney63@example.com,2026-01-10 23:58:29
90,forestdelta28,forestdelta28@relay.cloud,2025-09-20 02:28:34
91,harbornetwork34,harbornetwork34@hackstack.io,2025-03-21 15:36:53
92,briskwindow81,briskwindow81@opswise.net,2024-04-23 16:25:40
93,clearanchor14,clearanchor14@opswise.net,2025-07-08 02:16:36
94,embermeadow15,embermeadow15@example.com,2025-07-08 02:21:46
95,vividvalley86,vividvalley86@hackstack.io,2024-03-05 18:43:52
96,keenengine82,keenengine82@seeded.app,2024-08-04 21:36:39
97,clearriver78,clearriver78@hackstack.io,2025-04-23 06:15:02
98,silverjourney19,silverjourney19@acme.dev,2025-12-24 20:53:46
99,navyfield51,navyfield51@hackstack.io,2025-11-05 01:05:40
100,cobaltengine87,cobaltengine87@hackstack.io,2024-10-18 06:58:37
101,briskanchor84,briskanchor84@relay.cloud,2025-02-02 20:21:25
102,jadetrail93,jadetrail93@acme.dev,2024-03-13 06:59:30
103,urbantrail21,urbantrail21@hackstack.io,2024-09-29 08:32:08
104,navylagoon46,navylagoon46@relay.cloud,2024-03-08 13:08:50
105,ivorynetwork69,ivorynetwork69@example.com,2024-12-09 01:34:36
106,urbankernel42,urbankernel42@acme.dev,2024-06-13 00:03:40
107,urbangarden63,urbangarden63@relay.cloud,2024-11-28 06:11:54
108,briskfield29,briskfield29@seeded.app,2024-04-28 00:12:45
109,ambermeadow64,ambermeadow64@seeded.app,2024-08-21 22:18:01
110,calmtrail66,calmtrail66@hackstack.io,2024-01-25 07:09:54
111,forestdelta74,forestdelta74@opswise.net,2025-06-01 00:29:45
112,navyriver28,navyriver28@hackstack.io,2024-09-08 02:58:12
113,brisklagoon51,brisklagoon51@example.com,2026-01-28 07:26:58
114,jadeengine76,jadeengine76@seeded.app,2025-05-06 12:01:23
115,ambermeadow71,ambermeadow71@example.com,2026-01-08 21:41:24
116,quietpioneer64,quietpioneer64@example.com,2025-12-26 23:36:58
117,opalquartz66,opalquartz66@opswise.net,2024-06-23 08:32:22
118,tidyorbit48,tidyorbit48@hackstack.io,2025-12-05 07:17:16
119,opalyard36,opalyard36@hackstack.io,2025-01-11 11:04:21
120,jadequartz58,jadequartz58@seeded.app,2025-09-19 16:03:43
121,forestcanyon37,forestcanyon37@example.com,2024-06-10 08:12:08
122,calmharvest51,calmharvest51@opswise.net,2025-02-24 14:51:38
123,tidysignal60,tidysignal60@example.com,2024-04-16 12:21:06
124,keenwindow15,keenwindow15@opswise.net,2024-07-24 19:36:42
125,harborriver42,harborriver42@seeded.app,2025-09-03 02:26:05
126,vividgarden24,vividgarden24@acme.dev,2024-09-04 03:58:52
127,navysignal34,navysignal34@example.com,2024-04-17 04:49:29
128,proudorbit04,proudorbit04@example.com,2024-06-16 09:13:01
129,urbancanyon30,urbancanyon30@acme.dev,2024-07-22 05:16:01
130,forestvalley09,forestvalley09@seeded.app,2024-08-20 01:49:47
131,rapidpioneer67,rapidpioneer67@example.com,2024-03-24 03:57:17
132,navytrail40,navytrail40@opswise.net,2024-06-08 20:19:10
133,youngfield68,youngfield68@example.com,2025-12-15 09:39:55
134,harborsignal02,harborsignal02@example.com,2025-04-11 19:31:44
135,tidytrail89,tidytrail89@acme.dev,2024-03-14 20:28:35
136,youngcanyon52,youngcanyon52@example.com,2024-03-23 15:19:52
137,harborharvest47,harborharvest47@hackstack.io,2024-01-25 20:55:20
138,urbankernel55,urbankernel55@seeded.app,2024-04-21 01:40:54
139,emberorbit04,emberorbit04@hackstack.io,2026-01-12 20:57:22
140,vividengine13,vividengine13@seeded.app,2025-07-16 17:07:00
141,forestlagoon50,forestlagoon50@seeded.app,2024-07-13 04:41:20
142,ambersignal42,ambersignal42@relay.cloud,2024-07-07 15:57:48
143,mellowvalley93,mellowvalley93@relay.cloud,2024-03-04 07:58:36
144,rapidzenith75,rapidzenith75@hackstack.io,2024-03-16 20:25:15
145,forestlagoon55,forestlagoon55@example.com,2024-02-14 19:35:13
146,ambertrail88,ambertrail88@example.com,2025-08-11 06:09:44
147,jadeisland33,jadeisland33@relay.cloud,2025-11-12 23:17:42
148,mellowlagoon08,mellowlagoon08@example.com,2024-01-18 20:23:04
149,keenengine37,keenengine37@example.com,2024-01-20 15:40:47
150,silverkernel87,silverkernel87@acme.dev,2024-07-12 15:54:55
151,ambergarden92,ambergarden92@acme.dev,2024-01-02 15:57:40
152,silverisland36,silverisland36@hackstack.io,2025-05-11 01:44:17
153,quietuplink39,quietuplink39@opswise.net,2024-01-03 22:03:39
154,prouddelta74,prouddelta74@relay.cloud,2024-07-16 03:34:27
155,youngzenith24,youngzenith24@acme.dev,2024-12-21 07:02:29
156,silversignal97,silversignal97@seeded.app,2024-01-26 17:06:07
157,forestzenith34,forestzenith34@seeded.app,2024-05-20 16:20:28
158,tidyanchor64,tidyanchor64@relay.cloud,2024-10-12 00:54:30
159,embercanyon44,embercanyon44@seeded.app,2024-06-12 07:42:01
160,quietquartz17,quietquartz17@example.com,2025-04-14 08:07:21
161,goldpioneer96,goldpioneer96@relay.cloud,2025-08-27 06:52:15
162,cobaltfield09,cobaltfield09@seeded.app,2024-12-01 18:59:34
163,mellowriver12,mellowriver12@opswise.net,2024-07-02 11:05:45
164,silverjourney31,silverjourney31@acme.dev,2024-08-30 05:57:39
165,rapidquartz60,rapidquartz60@example.com,2024-08-08 09:16:32
166,urbanharvest29,urbanharvest29@relay.cloud,2024-01-06 22:12:40
167,warmgarden94,warmgarden94@example.com,2025-08-07 11:45:07
168,quietisland28,quietisland28@seeded.app,2025-02-23 21:56:47
169,quietvalley15,quietvalley15@hackstack.io,2024-07-12 13:26:45
170,tidyisland01,tidyisland01@opswise.net,2025-02-25 22:28:10
171,harboranchor37,harboranchor37@acme.dev,2024-02-26 15:46:12
172,cobaltfield82,cobaltfield82@relay.cloud,2025-04-27 21:54:48
173,calmsignal92,calmsignal92@seeded.app,2025-09-27 16:07:15
174,quietisland14,quietisland14@relay.cloud,2025-11-07 01:43:51
175,jadevalley87,jadevalley87@opswise.net,2025-06-06 09:27:54
176,quietuplink86,quietuplink86@opswise.net,2024-10-19 08:36:02
177,briskuplink57,briskuplink57@hackstack.io,2025-11-07 17:25:04
178,proudorbit52,proudorbit52@acme.dev,2024-06-22 19:01:13
179,jadejourney83,jadejourney83@relay.cloud,2024-08-30 20:30:43
180,ivorygarden09,ivorygarden09@seeded.app,2024-04-14 12:37:36
181,quietmeadow87,quietmeadow87@opswise.net,2025-01-19 00:17:39
182,ivorywindow63,ivorywindow63@hackstack.io,2025-05-11 05:45:46
183,emberisland39,emberisland39@opswise.net,2025-06-14 04:31:15
184,silvermeadow85,silvermeadow85@example.com,2025-10-07 21:29:55
185,dawnanchor64,dawnanchor64@example.com,2025-04-04 12:13:41
186,harborvalley65,harborvalley65@relay.cloud,2024-12-31 21:55:28
187,proudlagoon82,proudlagoon82@opswise.net,2024-02-21 10:19:04
188,navyvalley10,navyvalley10@acme.dev,2024-07-14 18:13:58
189,mellowbeacon25,mellowbeacon25@example.com,2024-04-26 18:24:09
190,emberriver51,emberriver51@opswise.net,2024-01-12 00:07:14
191,dawntrail10,dawntrail10@opswise.net,2024-05-21 15:30:56
192,amberorbit82,amberorbit82@hackstack.io,2024-03-11 18:51:27
193,jadelagoon29,jadelagoon29@hackstack.io,2025-05-09 18:25:08
194,warmbeacon01,warmbeacon01@seeded.app,2025-05-30 12:13:42
195,cobaltwindow17,cobaltwindow17@acme.dev,2025-09-07 01:04:24
196,silvergarden46,silvergarden46@hackstack.io,2025-01-05 07:18:28
197,goldtrail50,goldtrail50@relay.cloud,2025-09-21 19:49:13
198,livelynetwork43,livelynetwork43@hackstack.io,2024-03-28 00:14:06
199,proudvalley84,proudvalley84@hackstack.io,2025-09-02 06:56:09
200,amberkernel56,amberkernel56@opswise.net,2025-01-09 18:19:20
201,silverwindow73,silverwindow73@relay.cloud,2024-08-10 18:44:24
202,warmsignal38,warmsignal38@example.com,2024-05-20 08:36:25
203,navydelta37,navydelta37@acme.dev,2024-05-29 11:40:02
204,quietquartz56,quietquartz56@hackstack.io,2024-05-14 09:32:29
205,navysignal13,navysignal13@acme.dev,2024-03-13 09:54:57
206,warmdelta65,warmdelta65@seeded.app,2025-08-23 18:33:35
207,tidynetwork32,tidynetwork32@opswise.net,2024-09-16 01:08:13
208,embervalley43,embervalley43@relay.cloud,2024-07-06 09:09:40
209,harborcanyon24,harborcanyon24@example.com,2025-11-29 07:09:55
210,livelyisland33,livelyisland33@relay.cloud,2024-04-22 07:17:32
211,clearvalley58,clearvalley58@relay.cloud,2025-11-07 05:59:57
212,warmorbit87,warmorbit87@relay.cloud,2024-02-18 18:50:45
213,calmdelta69,calmdelta69@example.com,2024-05-26 02:08:02
214,harborfield86,harborfield86@opswise.net,2024-08-03 03:56:34
215,goldtrail65,goldtrail65@example.com,2025-08-08 01:44:59
216,calmvalley18,calmvalley18@opswise.net,2025-01-09 12:02:52
217,forestquartz76,forestquartz76@opswise.net,2025-08-13 14:36:18
218,proudsignal13,proudsignal13@opswise.net,2025-11-13 17:05:39
219,silvervalley20,silvervalley20@seeded.app,2024-08-18 00:43:50
220,proudengine76,proudengine76@acme.dev,2024-02-04 17:27:07
221,harboranchor08,harboranchor08@seeded.app,2024-01-01 10:48:19
222,ivorynetwork87,ivorynetwork87@relay.cloud,2024-05-29 06:50:27
223,cobaltgarden73,cobaltgarden73@relay.cloud,2024-04-05 03:01:16
224,ivorylagoon72,ivorylagoon72@seeded.app,2025-07-21 05:38:38
225,ivoryharvest27,ivoryharvest27@example.com,2024-09-18 17:36:32
226,harborwindow93,harborwindow93@acme.dev,2025-11-01 12:23:44
227,warmsignal01,warmsignal01@opswise.net,2025-11-26 04:09:44
228,dawnuplink14,dawnuplink14@relay.cloud,2024-07-26 18:25:40
229,clearwindow71,clearwindow71@acme.dev,2024-08-01 04:17:41
230,opaljourney24,opaljourney24@seeded.app,2024-12-03 00:10:40
231,vividsignal49,vividsignal49@acme.dev,2025-09-24 21:34:21
232,warmjourney51,warmjourney51@seeded.app,2025-06-27 06:45:37
233,youngharvest85,youngharvest85@acme.dev,2025-04-14 17:15:41
234,tidyorbit51,tidyorbit51@hackstack.io,2024-01-14 13:06:37
235,jadevalley49,jadevalley49@seeded.app,2024-01-18 00:26:46
236,tidyorbit12,tidyorbit12@seeded.app,2025-04-22 12:38:31
237,emberbeacon17,emberbeacon17@seeded.app,2025-07-02 11:33:58
238,youngkernel59,youngkernel59@acme.dev,2024-10-16 04:19:33
239,mellowkernel26,mellowkernel26@seeded.app,2025-10-09 15:44:48
240,forestkernel38,forestkernel38@seeded.app,2024-07-02 17:07:17
241,emberengine14,emberengine14@hackstack.io,2025-02-22 05:31:03
242,calmkernel15,calmkernel15@seeded.app,2025-02-03 13:08:40
243,quietzenith59,quietzenith59@example.com,2024-05-28 07:26:01
244,quietpioneer77,quietpioneer77@relay.cloud,2025-11-18 00:10:54
245,ivoryquartz43,ivoryquartz43@acme.dev,2025-07-06 06:38:02
246,forestfield36,forestfield36@seeded.app,2024-04-29 01:35:39
247,harbortrail33,harbortrail33@example.com,2025-08-10 17:03:45
248,proudorbit51,proudorbit51@hackstack.io,2024-12-25 11:18:20
249,navylagoon80,navylagoon80@opswise.net,2024-08-09 12:54:11
250,quietfield77,quietfield77@acme.dev,2024-08-06 20:19:38
251,goldlagoon61,goldlagoon61@seeded.app,2025-10-17 09:54:31
252,navynetwork88,navynetwork88@hackstack.io,2025-01-18 01:05:02
253,opalriver74,opalriver74@hackstack.io,2025-11-01 17:29:09
254,keenkernel60,keenkernel60@seeded.app,2025-07-30 10:52:28
255,keenzenith46,keenzenith46@seeded.app,2025-03-19 17:04:31
256,proudisland65,proudisland65@relay.cloud,2024-12-20 18:09:22
257,jadeuplink32,jadeuplink32@opswise.net,2025-04-01 01:17:09
258,warmanchor53,warmanchor53@example.com,2024-01-11 23:23:08
259,rapidjourney57,rapidjourney57@seeded.app,2024-10-30 06:46:31
260,mellowbeacon67,mellowbeacon67@relay.cloud,2025-05-08 10:02:27
261,emberzenith09,emberzenith09@seeded.app,2024-03-28 11:23:21
262,harborbeacon52,harborbeacon52@opswise.net,2025-10-25 11:51:48
263,youngriver13,youngriver13@opswise.net,2024-05-20 23:05:00
264,calmengine63,calmengine63@opswise.net,2026-01-09 08:06:00
265,jadefield14,jadefield14@example.com,2024-01-11 14:53:26
266,briskfield49,briskfield49@seeded.app,2025-09-02 01:04:12
267,amberquartz49,amberquartz49@example.com,2025-04-02 12:48:11
268,rapidanchor53,rapidanchor53@seeded.app,2024-01-22 21:09:19
269,harborcanyon20,harborcanyon20@example.com,2024-12-01 11:01:30
270,cobaltengine63,cobaltengine63@opswise.net,2024-04-26 11:43:16
271,tidyriver48,tidyriver48@seeded.app,2025-02-24 15:40:10
272,forestgarden81,forestgarden81@seeded.app,2025-09-19 17:29:59
273,proudsignal76,proudsignal76@example.com,2024-07-08 16:58:47
274,livelyjourney30,livelyjourney30@seeded.app,2024-09-18 18:58:32
275,brisklagoon41,brisklagoon41@opswise.net,2024-04-07 23:39:24
276,harborkernel57,harborkernel57@opswise.net,2024-01-26 04:32:43
277,jadelagoon69,jadelagoon69@acme.dev,2024-03-21 07:35:09
278,mellowisland29,mellowisland29@acme.dev,2025-06-13 05:59:49
279,keenpioneer84,keenpioneer84@acme.dev,2025-03-23 05:26:31
280,dawnorbit75,dawnorbit75@opswise.net,2025-06-10 10:35:02
281,navyorbit31,navyorbit31@acme.dev,2025-11-16 10:07:31
282,calmyard83,calmyard83@example.com,2025-10-28 02:14:34
283,dawnzenith53,dawnzenith53@opswise.net,2024-10-03 07:01:01
284,younglagoon33,younglagoon33@relay.cloud,2024-07-14 14:44:36
285,warmjourney02,warmjourney02@example.com,2025-03-27 10:05:56
286,embervalley65,embervalley65@hackstack.io,2024-04-05 07:24:37
287,navyanchor96,navyanchor96@opswise.net,2025-07-22 23:32:49
288,amberyard20,amberyard20@relay.cloud,2024-01-23 05:37:41
289,rapidriver60,rapidriver60@example.com,2025-07-07 09:28:56
290,rapidengine03,rapidengine03@example.com,2025-07-18 04:42:56
291,livelyyard94,livelyyard94@opswise.net,2024-01-23 01:49:48
292,jadeharvest58,jadeharvest58@hackstack.io,2025-05-23 06:36:47
293,dawngarden22,dawngarden22@opswise.net,2024-02-04 14:54:41
294,vividwindow59,vividwindow59@hackstack.io,2025-12-03 16:44:50
295,youngharvest50,youngharvest50@example.com,2025-03-22 23:13:17
296,emberengine77,emberengine77@acme.dev,2024-06-16 21:36:15
297,silverbeacon09,silverbeacon09@opswise.net,2025-12-09 03:25:30
298,opalfield74,opalfield74@opswise.net,2025-04-18 23:21:46
299,mellowwindow29,mellowwindow29@acme.dev,2025-03-16 03:18:28
300,goldnetwork76,goldnetwork76@opswise.net,2026-01-02 05:07:28
301,opalyard41,opalyard41@hackstack.io,2025-07-15 10:45:33
302,navyjourney98,navyjourney98@acme.dev,2025-08-10 02:33:08
303,tidyyard13,tidyyard13@seeded.app,2025-10-26 21:48:57
304,calmyard15,calmyard15@example.com,2025-12-15 21:49:24
305,urbandelta47,urbandelta47@acme.dev,2024-03-14 04:46:36
306,keencanyon28,keencanyon28@example.com,2024-02-17 05:49:03
307,clearsignal31,clearsignal31@example.com,2025-03-15 21:24:27
308,goldyard97,goldyard97@opswise.net,2025-01-29 17:05:42
309,goldvalley56,goldvalley56@acme.dev,2025-04-05 08:20:04
310,quietfield24,quietfield24@relay.cloud,2024-03-14 18:16:00
311,navyzenith75,navyzenith75@opswise.net,2024-08-26 13:40:04
312,tidydelta75,tidydelta75@opswise.net,2024-05-16 21:58:26
313,livelygarden04,livelygarden04@acme.dev,2025-11-29 00:07:19
314,harborisland21,harborisland21@relay.cloud,2024-08-28 06:41:24
315,cobaltdelta87,cobaltdelta87@relay.cloud,2024-11-04 19:06:29
316,warmgarden93,warmgarden93@acme.dev,2024-03-12 10:41:46
317,goldfield69,goldfield69@opswise.net,2025-06-11 12:36:48
318,urbanbeacon27,urbanbeacon27@example.com,2025-01-04 05:30:47
319,embertrail97,embertrail97@hackstack.io,2024-02-18 02:58:49
320,harboruplink45,harboruplink45@opswise.net,2025-08-19 14:45:25
321,tidysignal14,tidysignal14@acme.dev,2024-07-27 20:13:24
322,vividuplink33,vividuplink33@seeded.app,2025-12-17 14:47:57
323,rapiduplink88,rapiduplink88@example.com,2025-02-28 10:04:25
324,keenharvest86,keenharvest86@example.com,2024-08-03 11:31:29
325,tidyyard09,tidyyard09@seeded.app,2024-12-23 07:54:21
326,amberwindow35,amberwindow35@hackstack.io,2024-05-19 05:00:56
327,navyorbit61,navyorbit61@opswise.net,2025-06-06 22:15:56
328,keenanchor53,keenanchor53@seeded.app,2025-12-21 03:13:11
329,livelymeadow53,livelymeadow53@opswise.net,2025-07-18 11:32:46
330,forestjourney04,forestjourney04@hackstack.io,2025-04-27 22:03:14
331,opaljourney91,opaljourney91@opswise.net,2025-06-21 09:31:27
332,harborzenith83,harborzenith83@example.com,2025-07-29 19:19:39
333,quietmeadow43,quietmeadow43@relay.cloud,2024-06-09 05:14:25
334,keenvalley86,keenvalley86@example.com,2025-12-07 15:57:38
335,briskorbit26,briskorbit26@hackstack.io,2024-01-12 08:51:05
336,opaldelta76,opaldelta76@opswise.net,2024-08-22 12:25:38
337,quietanchor73,quietanchor73@example.com,2024-05-10 03:02:26
338,keencanyon75,keencanyon75@opswise.net,2025-01-12 00:13:43
339,cobaltkernel23,cobaltkernel23@opswise.net,2025-05-23 21:45:37
340,quietyard59,quietyard59@hackstack.io,2024-07-23 11:00:33
341,melloworbit07,melloworbit07@example.com,2024-10-18 12:13:39
342,forestyard05,forestyard05@seeded.app,2025-09-24 11:48:46
343,navybeacon61,navybeacon61@acme.dev,2025-04-19 00:17:50
344,briskbeacon42,briskbeacon42@hackstack.io,2025-09-14 22:59:41
345,harborgarden83,harborgarden83@example.com,2024-02-28 08:29:54
346,dawnisland94,dawnisland94@example.com,2024-09-01 13:54:07
347,harborbeacon31,harborbeacon31@example.com,2026-01-24 04:37:26
348,harborpioneer62,harborpioneer62@example.com,2025-05-30 18:47:49
349,rapidpioneer77,rapidpioneer77@hackstack.io,2025-07-29 03:51:06
350,urbanmeadow06,urbanmeadow06@acme.dev,2024-02-03 22:39:36
351,dawndelta15,dawndelta15@acme.dev,2025-01-24 03:02:36
352,livelysignal26,livelysignal26@seeded.app,2024-09-17 09:28:44
353,proudvalley52,proudvalley52@hackstack.io,2026-01-04 06:09:44
354,jadebeacon52,jadebeacon52@opswise.net,2026-01-30 13:53:07
355,tidylagoon46,tidylagoon46@opswise.net,2024-08-02 16:42:34
356,urbanisland77,urbanisland77@acme.dev,2024-03-23 14:05:57
357,keenorbit12,keenorbit12@seeded.app,2024-11-25 03:46:53
358,mellowtrail17,mellowtrail17@seeded.app,2024-09-27 14:32:16
359,quietsignal51,quietsignal51@seeded.app,2025-09-04 13:04:06
360,warmuplink80,warmuplink80@acme.dev,2024-08-24 10:28:08
361,briskkernel44,briskkernel44@acme.dev,2025-04-08 00:43:34
362,dawnisland14,dawnisland14@example.com,2026-01-27 12:08:13
363,livelyquartz07,livelyquartz07@relay.cloud,2025-02-23 04:49:56
364,briskkernel34,briskkernel34@relay.cloud,2025-07-09 19:03:36
365,vividharvest43,vividharvest43@opswise.net,2024-08-13 07:39:55
366,jaderiver17,jaderiver17@relay.cloud,2025-06-14 16:08:59
367,livelyzenith81,livelyzenith81@opswise.net,2024-11-24 05:28:39
368,jadeanchor85,jadeanchor85@seeded.app,2025-07-01 21:47:53
369,youngquartz20,youngquartz20@example.com,2025-06-10 09:57:21
370,navyzenith16,navyzenith16@seeded.app,2025-12-21 10:15:27
371,dawnvalley67,dawnvalley67@seeded.app,2025-06-13 04:36:23
372,opalsignal42,opalsignal42@example.com,2024-07-08 06:59:19
373,clearmeadow02,clearmeadow02@relay.cloud,2024-10-28 07:33:55
374,keenisland29,keenisland29@relay.cloud,2024-03-28 03:33:56
375,urbanriver41,urbanriver41@opswise.net,2024-10-03 22:57:31
376,warmwindow65,warmwindow65@relay.cloud,2024-09-01 08:02:41
377,livelyorbit22,livelyorbit22@example.com,2024-11-27 11:33:25
378,livelyfield76,livelyfield76@seeded.app,2025-11-15 23:58:41
379,cobaltsignal83,cobaltsignal83@hackstack.io,2025-11-30 05:28:25
380,vividquartz96,vividquartz96@relay.cloud,2024-02-15 03:21:36
381,tidymeadow12,tidymeadow12@relay.cloud,2026-02-01 20:28:11
382,harborfield96,harborfield96@relay.cloud,2024-06-27 02:24:45
383,tidyanchor66,tidyanchor66@seeded.app,2025-08-20 02:15:13
384,ambermeadow28,ambermeadow28@hackstack.io,2024-06-18 01:00:52
385,urbanharvest13,urbanharvest13@example.com,2025-08-22 13:38:49
386,navyengine56,navyengine56@example.com,2024-07-04 15:55:25
387,silverzenith11,silverzenith11@hackstack.io,2024-09-17 17:57:04
388,amberyard42,amberyard42@relay.cloud,2024-01-08 13:15:44
389,harborkernel74,harborkernel74@acme.dev,2025-03-01 22:16:39
390,harborisland53,harborisland53@hackstack.io,2025-08-06 10:06:52
391,rapiduplink37,rapiduplink37@relay.cloud,2024-04-02 18:42:42
392,quietorbit74,quietorbit74@opswise.net,2025-11-02 14:17:39
393,rapidwindow05,rapidwindow05@acme.dev,2025-07-14 10:59:35
394,quietbeacon54,quietbeacon54@hackstack.io,2024-08-03 00:30:50
395,rapidzenith60,rapidzenith60@seeded.app,2024-10-12 08:58:29
396,vividzenith08,vividzenith08@seeded.app,2025-11-02 16:34:16
397,youngfield89,youngfield89@example.com,2025-12-13 18:37:05
398,livelytrail18,livelytrail18@opswise.net,2025-04-30 22:05:32
399,harborharvest62,harborharvest62@hackstack.io,2026-01-28 12:03:58
400,dawnengine75,dawnengine75@seeded.app,2025-03-26 10:22:28
